Brand,Engine_Type,Age_Years,Mileage_KM,Power_BHP,Seats,Price_INR
Mahindra,Diesel,2,26890,94,6,1128103
BMW,Petrol,11,196533,180,4,858613
Honda,Petrol,3,9271,220,7,1606719
Toyota,Electric,15,46018,88,6,428935
Mercedes,Electric,12,126272,237,4,1805538
Toyota,Petrol,9,18399,166,5,1790425
Honda,Petrol,15,139015,187,6,1001061
Mahindra,CNG,1,124562,185,7,1452923
Kia,Petrol,3,101413,168,6,1895159
Mercedes,Diesel,3,186191,240,7,2092601
Tata,Electric,1,130306,292,6,902768
Mahindra,Diesel,10,87648,160,6,1458556
Mahindra,CNG,12,111025,274,6,326351
Mahindra,Electric,1,194410,115,6,1649733
Tata,Petrol,0,56678,225,6,1796645
BMW,Electric,4,61147,237,6,3125487
BMW,CNG,4,149369,189,4,2055707
Maruti,Diesel,4,64273,167,7,346277
Kia,Petrol,9,50550,251,4,827236
Mahindra,Electric,11,39670,228,7,1424842
Maruti,Diesel,0,29225,193,7,1911812
Honda,Electric,12,88887,235,7,388612
Tata,CNG,10,161923,193,4,995410
BMW,Petrol,14,135582,207,4,2094195
Kia,Petrol,11,36834,144,5,712383
Kia,CNG,9,83410,256,4,1568648
Audi,Diesel,9,42490,149,4,2442266
Tata,CNG,1,171371,181,6,919075
Toyota,CNG,10,102942,282,5,1502534
Mahindra,Electric,6,192073,70,7,1739083
Kia,Diesel,14,119186,241,4,150000
Toyota,Petrol,6,184195,106,6,481599
Hyundai,Petrol,5,76542,288,6,1768595
Tata,Petrol,6,76887,259,4,1657363
Hyundai,Diesel,10,155810,111,7,518826
Honda,Petrol,10,67468,145,6,150000
Hyundai,Diesel,8,49502,171,7,1560003
Honda,Petrol,11,14795,110,6,710991
Hyundai,Petrol,5,106342,265,6,1014919
Honda,CNG,2,150882,237,6,1011580
Mahindra,CNG,8,55985,258,7,842071
BMW,Diesel,2,131928,110,6,2344555
Hyundai,Petrol,2,130288,74,7,1451117
Tata,Petrol,12,151437,149,7,150000
Audi,Electric,10,40754,206,5,2047742
Tata,Petrol,14,72939,86,6,150000
Kia,Diesel,0,13762,294,7,2151775
Mahindra,Diesel,0,109008,240,5,554625
Mahindra,Petrol,13,194456,274,4,388663
Kia,CNG,4,115699,258,4,503766
Toyota,Petrol,4,185364,185,7,219926
BMW,Diesel,14,124139,298,7,1742070
BMW,CNG,4,69937,176,4,1328199
Hyundai,CNG,10,41103,230,5,530375
Tata,Petrol,12,173305,290,6,334136
Hyundai,Electric,13,192839,77,7,1461354
BMW,Petrol,8,111518,102,6,2164696
Maruti,Diesel,8,140748,84,7,1386985
Tata,Electric,15,121414,194,4,1139712
Mahindra,CNG,0,178317,278,4,707736
Toyota,Petrol,9,94749,142,5,972834
Mahindra,CNG,6,143737,171,5,1036786
Toyota,Diesel,6,10299,102,6,561020
Maruti,Petrol,14,62830,181,4,900597
Hyundai,Diesel,7,68967,173,6,1633567
Toyota,CNG,0,30164,183,4,1948496
Toyota,CNG,0,80882,137,5,1078798
Hyundai,CNG,10,22542,78,6,179843
Audi,Electric,10,110260,164,7,2546108
Mercedes,Diesel,4,177056,205,7,2506266
Toyota,Petrol,7,86924,118,6,258033
Hyundai,CNG,6,74773,293,4,1922296
Mahindra,CNG,6,191945,243,4,752577
Hyundai,CNG,10,26431,188,6,1145849
Hyundai,Electric,6,17087,289,5,967559
Maruti,CNG,13,16073,75,6,716864
Audi,Diesel,14,141279,265,4,1833791
Kia,Diesel,8,138109,203,5,165291
Tata,Petrol,10,116305,140,7,1099875
Tata,Petrol,3,180779,211,4,586913
Honda,Diesel,15,105658,94,4,206143
Kia,CNG,0,184948,222,7,1325091
Kia,Petrol,13,48543,182,4,1292339
Hyundai,Diesel,8,137065,253,5,1210268
Toyota,Diesel,11,137721,122,4,1484058
Hyundai,Petrol,1,181373,282,7,830793
BMW,Diesel,11,56814,210,6,1666057
Mercedes,CNG,3,167388,258,7,2302114
Hyundai,CNG,7,112183,164,4,164250
Maruti,Electric,2,161328,159,5,1103544
Maruti,CNG,11,158898,281,4,150000
BMW,Petrol,10,155456,100,5,1852422
Maruti,CNG,8,183246,164,4,150000
BMW,CNG,9,54503,151,6,2496853
Toyota,CNG,6,87090,198,7,1284237
Maruti,Diesel,13,117542,229,7,412877
Tata,Electric,15,11666,101,4,1551613
BMW,Electric,10,182447,235,7,1128568
Mahindra,CNG,0,179058,234,7,1375961
Mahindra,CNG,12,10584,227,6,707763
Tata,Diesel,11,74924,235,7,1278125
Maruti,Petrol,13,124042,223,5,1363103
Mahindra,Diesel,12,8908,114,4,1556480
Mahindra,CNG,6,184278,257,5,1538070
Toyota,Diesel,3,161805,209,7,739687
Honda,Petrol,4,103536,96,6,334632
Maruti,Petrol,5,196412,257,7,870389
Hyundai,Electric,7,5244,279,6,871240
Maruti,Diesel,9,76513,268,6,1310917
Hyundai,CNG,8,193648,185,7,1009778
Maruti,CNG,7,45740,135,6,731557
Hyundai,Diesel,14,85786,294,6,718451
Hyundai,Petrol,12,88129,240,6,246864
Mercedes,Diesel,14,21396,292,6,1029550
Kia,CNG,13,128405,84,4,852660
Audi,CNG,6,76318,163,4,1360724
Toyota,Petrol,3,27310,77,7,1278959
Mahindra,Petrol,6,195479,207,6,1424000
Mahindra,Petrol,1,153257,188,7,787838
Audi,Electric,3,27863,265,7,2129536
Toyota,Diesel,9,152862,296,7,1123985
Maruti,Electric,0,74779,191,6,982030
Mahindra,Electric,9,11273,173,5,919647
Kia,Electric,3,19288,259,5,1551169
Maruti,CNG,10,165345,294,7,956138
Honda,Electric,0,171209,154,7,797681
Toyota,Electric,5,76846,231,6,1313977
Audi,CNG,1,191214,213,7,1188135
Kia,Diesel,5,77660,237,6,831546
Mahindra,CNG,0,133630,241,7,1313810
Mahindra,CNG,14,137841,210,5,838641
Mahindra,CNG,12,10358,209,4,1558038
Honda,Diesel,5,46768,227,4,1499070
Toyota,Diesel,15,166047,260,7,1027644
Hyundai,CNG,9,87823,221,6,1657499
Honda,Electric,2,178728,292,6,1459640
Audi,CNG,2,195795,97,5,1552373
Mahindra,CNG,2,199197,235,4,944575
Audi,Diesel,11,192389,110,4,1246650
Hyundai,Petrol,7,195160,155,5,1477654
Mercedes,Electric,7,190433,298,6,1894120
Honda,CNG,13,182605,230,6,647430
Mercedes,CNG,5,138850,177,5,2439774
Toyota,CNG,8,65404,142,6,501570
Toyota,CNG,11,98992,123,4,870259
Hyundai,Diesel,7,84946,143,6,1438241
Toyota,CNG,5,78869,154,7,1459500
Mercedes,Diesel,12,84268,80,5,1332394
Audi,CNG,0,167373,113,6,1089146
Mahindra,Diesel,8,17166,140,6,912359
Mahindra,Petrol,3,48558,135,4,1630632
Mahindra,CNG,14,130614,257,7,833463
Maruti,Diesel,14,128354,172,5,1256922
Maruti,Electric,12,99177,182,6,803778
Hyundai,Electric,3,84987,117,6,1553297
Maruti,Electric,11,155294,181,6,1231827
Hyundai,Electric,2,98634,196,5,989916
Maruti,Diesel,12,75756,259,7,487006
Hyundai,Diesel,3,179949,199,6,470628
Kia,Diesel,8,127081,224,5,1040637
Kia,Electric,0,41902,272,5,2545390
Mahindra,Petrol,7,143797,238,6,1134775
BMW,Electric,9,170486,284,6,2497881
Toyota,CNG,13,5968,114,7,1337619
BMW,Diesel,12,194574,171,4,1944778
Kia,CNG,6,169690,291,7,375342
BMW,Petrol,11,136100,192,5,1167062
Honda,Electric,0,168965,128,4,635093
Honda,Electric,11,154387,121,5,1523191
Honda,CNG,8,50504,185,5,1043967
Audi,Petrol,11,143406,167,6,1401656
Mercedes,Petrol,10,168404,299,7,1085317
Mahindra,Diesel,3,163216,256,7,1931412
Kia,Petrol,15,166875,245,5,954900
Mercedes,Diesel,9,36100,265,4,2069601
BMW,Diesel,1,44195,79,6,1753574
Maruti,Diesel,4,139765,122,4,1169524
Kia,Diesel,7,187610,206,7,534948
BMW,Petrol,9,138536,139,5,2102780
Maruti,Diesel,2,107959,224,5,702747
Maruti,Petrol,5,80376,226,5,1435838
Kia,CNG,14,132069,127,6,1332958
Maruti,Petrol,12,73859,284,6,1040928
Maruti,Petrol,3,194255,136,5,297639
Toyota,Diesel,0,32794,245,6,2190620
Mercedes,Electric,10,170724,146,5,1710976
Toyota,Electric,8,43720,96,7,1957723
BMW,Petrol,3,71524,207,4,2812685
BMW,Electric,9,73095,198,7,2663856
Toyota,Petrol,4,104787,204,5,945429
BMW,Diesel,9,183189,250,4,2266594
Mercedes,Petrol,6,150494,235,5,1563516
Mahindra,Electric,8,64757,127,6,1327085
Tata,Electric,14,187810,77,6,1385091
Honda,Petrol,12,187110,212,6,898750
BMW,CNG,5,49999,235,4,2406305
Audi,Petrol,4,166738,260,6,1262256
Honda,Electric,0,135172,275,5,1336807
Maruti,Electric,6,42317,74,4,729134
Audi,CNG,2,66090,295,4,1477385
Maruti,CNG,10,121708,71,5,308252
Maruti,Electric,3,198962,181,6,1428766
Kia,Electric,3,189920,186,5,1344324
Honda,Diesel,10,82077,292,5,432748
Audi,Diesel,11,109707,199,4,2235894
Honda,Electric,4,71589,118,6,894695
Audi,Diesel,2,105969,183,4,1582041
Toyota,Petrol,14,48720,170,6,1326260
Mercedes,Electric,15,81396,191,7,2192506
Maruti,Petrol,6,25078,116,4,1768889
Toyota,CNG,12,38072,243,7,405673
Toyota,Petrol,8,183171,103,5,779427
Audi,Electric,6,52572,244,6,1544863
Mercedes,Electric,8,179321,216,4,2701999
Hyundai,CNG,15,64513,268,5,150000
Hyundai,Electric,13,174049,253,7,796406
Kia,Electric,1,121465,198,5,1330477
Tata,Petrol,10,32024,144,7,347160
Mercedes,Petrol,3,127975,175,5,2451385
Honda,Petrol,14,188376,247,7,420837
Hyundai,CNG,8,196500,264,6,781156
Honda,CNG,10,188329,157,6,150000
Kia,Electric,0,14128,72,7,964037
Mahindra,Electric,6,61360,144,7,1335874
BMW,Electric,6,111318,147,4,2471116
BMW,Diesel,11,59518,174,4,1862703
BMW,CNG,9,21030,195,5,2223673
Audi,CNG,5,54427,300,6,1626374
Toyota,CNG,2,66844,133,5,691806
BMW,Electric,1,46175,148,5,2643911
Maruti,Diesel,15,61482,260,6,1446393
BMW,Electric,6,170082,262,6,2273732
Maruti,Diesel,0,96709,170,6,1581903
Tata,CNG,0,81259,274,7,1654298
Hyundai,Electric,2,167052,167,4,829309
Audi,Electric,4,97512,170,4,2727141
Mahindra,Petrol,13,55742,135,6,1008872
Honda,Electric,8,24935,169,4,1449950
Honda,CNG,7,49637,206,7,1123219
Honda,Diesel,0,102395,71,6,1861647
Hyundai,Petrol,7,34784,73,5,396047
Maruti,CNG,1,76098,71,7,692276
Hyundai,CNG,7,60430,200,4,776469
Mercedes,Electric,11,8799,188,6,2582764
Hyundai,Petrol,1,175705,113,7,903426
Maruti,CNG,3,135862,233,6,1061374
Toyota,Electric,4,110503,251,7,1276073
Kia,Petrol,2,117684,142,7,1059928
Honda,Petrol,0,37094,107,6,1279231
Hyundai,Electric,7,108197,162,7,1424329
Maruti,CNG,9,68957,163,4,1017429
Hyundai,Electric,2,114123,98,5,1336102
Mercedes,Electric,0,13090,190,6,2172113
Maruti,Petrol,11,180978,267,7,225703
Mercedes,Petrol,12,28035,268,4,2432243
Honda,CNG,6,13404,183,4,470063
Honda,Electric,5,48209,170,4,2210236
Kia,Petrol,14,52893,244,5,353452
Audi,Petrol,11,70939,202,5,952213
Tata,Petrol,2,107716,260,6,631755
Kia,Petrol,3,72297,126,7,630250
Honda,Petrol,5,125256,265,4,568509
BMW,CNG,11,17510,114,6,2312876
Mahindra,CNG,14,136932,132,7,856280
Tata,CNG,8,10322,112,5,1157685
Maruti,Petrol,7,71055,238,6,1056132
Kia,CNG,9,146247,279,4,1193482
Kia,Diesel,14,14981,144,4,619289
Toyota,Diesel,0,5945,266,4,1429492
Mercedes,Diesel,1,180304,77,7,1915865
Toyota,Diesel,6,11654,237,4,1151648
Maruti,CNG,9,129395,109,7,805333
Tata,Electric,5,98245,122,4,1046767
BMW,Diesel,7,84302,173,6,1227058
BMW,Electric,3,130158,262,7,1724557
Tata,Petrol,11,117942,263,6,1669628
Toyota,Petrol,7,37931,86,4,424422
BMW,Diesel,7,120433,212,5,2159385
Honda,Electric,10,95271,262,5,1662352
Honda,Electric,1,38309,92,4,1928830
Audi,Diesel,11,131699,286,4,2264784
Kia,Petrol,2,197740,208,5,641645
Mahindra,Diesel,8,190364,99,6,1481573
Maruti,CNG,4,36204,84,4,1403007
Toyota,CNG,7,35694,267,4,1275958
Toyota,Electric,11,36707,283,6,873030
Toyota,Petrol,8,72556,181,7,1273944
Mercedes,Electric,4,52765,96,4,2317818
Audi,Electric,14,176394,277,5,1351797
Maruti,CNG,7,160153,255,7,738473
Kia,Diesel,6,160391,250,7,625401
Honda,CNG,9,82473,265,5,1208418
Tata,CNG,13,156882,126,4,662684
Tata,Petrol,5,114752,205,5,1386738
Maruti,CNG,10,17248,292,5,763956
Honda,Petrol,8,117465,119,5,150000
Maruti,Electric,1,149105,252,6,1685591
Mercedes,Diesel,3,92436,140,4,2451733
BMW,Diesel,5,87331,154,5,1257341
Maruti,Petrol,6,36849,231,4,1947640
Mercedes,Petrol,0,146326,96,4,1981262
Honda,CNG,9,198589,250,7,261141
Tata,Electric,8,15877,110,6,727649
Hyundai,Petrol,1,86187,149,4,1416113
Kia,Diesel,15,156897,87,5,150000
Honda,Petrol,7,147536,246,4,1273358
BMW,Diesel,4,25422,273,7,2550041
BMW,Petrol,0,50472,217,6,1393635
Hyundai,Petrol,2,79687,164,6,1983269
Tata,Petrol,11,23860,119,4,1354838
Audi,Diesel,8,78018,157,6,1888061
Toyota,Electric,11,141475,212,4,368043
Toyota,CNG,8,93322,240,4,1362191
Audi,Diesel,2,199068,293,5,2551878
Toyota,Diesel,12,60040,220,6,375235
BMW,Petrol,12,56244,221,6,1352033
Audi,Diesel,2,74147,258,5,2203618
BMW,Diesel,10,181533,124,4,1790694
Hyundai,CNG,11,107459,175,7,163295
Toyota,Diesel,13,5647,106,6,380382
Tata,CNG,2,5131,129,5,567686
Kia,Diesel,8,176883,300,5,1260065
Tata,Diesel,6,116833,295,7,517082
Maruti,CNG,0,143039,179,6,1378537
Mahindra,CNG,5,69513,267,4,878394
Kia,Diesel,7,113528,291,7,1788849
Mahindra,Petrol,1,175716,212,6,1546708
Kia,Petrol,3,166188,256,7,1408801
Tata,Petrol,3,21946,88,4,1704828
Tata,Petrol,1,191306,234,7,1732312
BMW,Petrol,13,133516,155,7,1670466
Mercedes,Electric,10,17402,102,5,2337964
Maruti,Diesel,5,62355,249,6,1359485
Mahindra,Diesel,11,110814,255,5,828492
Audi,CNG,9,57883,139,7,1822621
Audi,CNG,10,50663,226,5,2027978
Hyundai,Petrol,11,165411,229,5,692232
Tata,Petrol,0,117833,141,5,1493876
Kia,Diesel,12,182533,142,7,150000
Toyota,Electric,1,126626,163,4,1134807
Kia,Petrol,4,92505,85,5,1658551
Hyundai,CNG,11,196506,150,4,511225
Kia,CNG,14,140891,105,6,150000
Mahindra,Petrol,11,146530,281,7,1166834
Hyundai,Petrol,3,83877,160,6,1831616
Toyota,Petrol,15,82525,212,4,915853
BMW,CNG,1,155549,90,7,2192041
Toyota,Electric,9,90418,160,7,1950201
BMW,CNG,14,79104,254,7,2175715
Honda,Electric,0,196718,219,5,1192312
Tata,CNG,14,34732,149,7,944446
Mercedes,Diesel,14,29461,288,6,2123446
Tata,Diesel,9,25032,266,5,672548
Mercedes,Petrol,1,165012,282,7,2336705
Kia,Petrol,13,185210,273,5,414295
Maruti,Diesel,8,173268,246,7,150000
Kia,Electric,3,16992,103,7,1172478
Mercedes,Electric,14,75184,154,4,1142235
Mahindra,CNG,14,177413,262,5,622480
Honda,Electric,6,37381,145,5,635198
Mercedes,Petrol,12,111947,173,6,2245718
Audi,Diesel,7,198515,94,7,2118688
Audi,Petrol,8,6483,212,5,2678461
Mahindra,Diesel,6,175982,100,4,625740
Toyota,CNG,0,13815,144,7,1595533
Mercedes,Petrol,0,169795,215,7,1527528
Kia,CNG,0,160374,221,7,1555522
Audi,Diesel,12,165394,247,6,1289411
BMW,Electric,5,193299,138,6,1697739
Maruti,Petrol,7,124664,89,5,706511
Audi,CNG,3,124924,188,4,2005724
Maruti,CNG,4,143326,102,6,827274
Audi,CNG,15,173878,108,7,1693228
Toyota,Diesel,8,80958,205,7,973372
Honda,Electric,7,90694,151,5,1724525
Honda,Electric,9,111087,88,5,1638219
BMW,Diesel,9,139706,139,4,1914720
Kia,Diesel,5,52609,119,7,776213
Mahindra,CNG,0,123358,84,6,1602018
Maruti,Petrol,15,19861,188,7,1013157
Maruti,Electric,12,9635,191,4,1162600
Mercedes,CNG,14,191906,223,4,1525015
Toyota,Electric,4,142090,271,5,2133275
Mahindra,Petrol,6,14283,123,6,393843
Kia,Electric,9,115432,162,7,742430
Maruti,Petrol,15,14753,103,6,150000
Toyota,Petrol,10,55165,236,7,910707
Tata,Petrol,13,20257,140,5,268245
Audi,Petrol,13,7114,272,4,1614988
Toyota,Diesel,14,191298,289,4,378169
Honda,Electric,8,76289,249,6,1920637
Maruti,Diesel,7,146937,231,4,465693
BMW,CNG,2,179159,180,4,2561449
Kia,Diesel,2,131501,172,4,371444
Tata,Electric,15,117189,228,4,1409676
Kia,CNG,3,189468,285,4,469237
Mahindra,Electric,5,102484,243,4,1236781
Tata,CNG,0,34998,294,6,758288
BMW,Electric,1,59847,246,4,1826671
Kia,CNG,14,176090,261,4,968564
Maruti,Diesel,1,56589,196,5,1185297
Audi,CNG,6,143660,288,7,1713679
Toyota,Petrol,8,193077,238,7,1362332
BMW,Diesel,5,111076,288,7,2743748
Tata,Petrol,14,44379,245,4,1055167
Kia,Diesel,7,189152,253,4,691738
BMW,CNG,15,15848,291,7,1532261
Tata,Electric,11,101970,105,4,1388385
Toyota,CNG,6,105880,221,6,653393
BMW,Electric,1,161698,170,5,1618504
Kia,Electric,9,80551,102,4,353221
Mahindra,Petrol,9,108853,160,5,1475792
Maruti,CNG,12,15397,170,7,357556
Kia,Electric,0,32831,184,7,2118194
Toyota,Electric,6,104636,254,5,1196022
Mahindra,CNG,14,189580,190,5,836226
Maruti,Diesel,3,92119,78,5,377780
Tata,Diesel,0,91801,144,6,1951659
Honda,Electric,15,69304,274,7,620970
BMW,CNG,1,109633,158,5,1564259
Hyundai,Petrol,10,41765,193,7,731023
Maruti,CNG,6,128949,265,4,1706453
Tata,Petrol,3,12948,257,5,1420869
Maruti,Electric,6,120974,208,5,1031922
Mercedes,CNG,0,153129,186,5,1454740
Honda,Diesel,12,122434,255,6,1077006
Tata,Diesel,1,38211,211,7,1697645
BMW,Electric,10,59353,216,6,1499249
Kia,CNG,6,115002,204,5,596409
Toyota,Petrol,7,180039,271,4,745452
Honda,Electric,2,116205,150,4,1486812
BMW,Electric,2,59021,102,7,2315411
Tata,Electric,0,17095,127,5,2137463
Mahindra,CNG,12,142503,121,4,1401685
Honda,Diesel,9,6159,208,4,399945
BMW,Diesel,7,176781,211,6,2122884
Mahindra,Diesel,13,183896,184,5,1001403
Tata,Petrol,13,153754,128,5,1352304
Mercedes,Electric,14,79609,110,7,1699113
Maruti,Petrol,14,79105,116,7,492122
Hyundai,Electric,14,19436,223,6,580596
Honda,CNG,8,16135,157,5,1224020
Hyundai,CNG,14,78891,102,5,1427955
Hyundai,Petrol,14,27288,134,5,157025
Kia,Diesel,11,64290,208,4,1671765
Honda,Electric,15,135172,244,4,1130686
Honda,Petrol,6,76832,200,5,667886
Tata,Petrol,13,146857,95,6,875284
BMW,Diesel,13,89949,204,6,1879214
Mercedes,Petrol,10,130619,220,5,1500642
Mahindra,Petrol,2,118872,221,5,466998
Audi,Petrol,2,110316,143,7,1718788
Maruti,Diesel,1,181116,127,7,1151561
Audi,Diesel,1,69177,195,6,1539079
Tata,Petrol,11,180124,271,4,647417
Audi,Electric,12,87372,125,5,1531368
Maruti,Petrol,15,82251,236,6,150000
Tata,CNG,11,175910,95,6,588247
Mercedes,CNG,13,122911,102,4,2179734
Honda,CNG,14,95158,80,4,551232
Maruti,CNG,4,185357,207,4,316838
Mercedes,Electric,14,93413,128,5,2115470
Honda,CNG,4,133136,118,6,1042992
Audi,CNG,13,150601,89,7,2041654
Toyota,CNG,0,55741,161,7,1495833
Tata,CNG,10,146299,134,7,1395977
Tata,Electric,9,167004,233,7,1908328
BMW,Diesel,5,193495,107,7,2056327
BMW,Electric,13,79877,82,6,2162496
Toyota,Electric,6,197818,300,4,900083
Toyota,Petrol,14,26954,139,6,853336
Mahindra,Diesel,10,139301,243,4,826995
Kia,Petrol,1,64279,246,4,642913
Tata,Diesel,3,154813,129,6,1067026
Honda,CNG,6,124766,95,6,606890
Mahindra,CNG,8,43245,109,7,175193
Honda,Electric,5,46128,104,7,1013680
Honda,Diesel,9,87109,278,7,1092325
Kia,Electric,8,122085,108,7,1060025
Mercedes,Diesel,7,95007,110,7,1257328
BMW,CNG,8,90324,80,4,1480502
Honda,Diesel,0,48953,241,5,797405
Maruti,Diesel,15,58465,210,4,359189
Mahindra,CNG,12,179417,224,6,343744
Kia,Electric,0,57787,126,6,2252436
Kia,Petrol,15,164971,74,7,355112
Hyundai,Diesel,7,34505,150,7,983728
Audi,Electric,0,62953,136,6,2663127
Hyundai,Electric,6,106243,272,4,1259207
Kia,Petrol,6,8940,224,7,1192509
Audi,CNG,13,8436,207,5,1507290
Mahindra,CNG,10,78611,251,4,1490492
Hyundai,Petrol,11,103334,271,6,1631304
Mahindra,CNG,11,164466,96,4,651173
Kia,Electric,11,48045,269,4,874181
Mercedes,Electric,12,22369,218,7,2293956
Mercedes,CNG,6,23417,288,5,2385719
Kia,Diesel,7,103148,70,5,1034839
Kia,Electric,6,112921,91,6,1844943
Toyota,Diesel,2,78652,184,6,1010257
Mahindra,Petrol,7,168177,291,6,875927
Toyota,Petrol,11,157507,201,6,430081
Hyundai,Diesel,10,102663,111,6,704706
Audi,Petrol,2,110444,201,5,1825558
Hyundai,Petrol,2,130721,265,7,1155076
Honda,CNG,4,109198,299,6,757907
Kia,Diesel,3,103040,111,5,1129393
Maruti,Electric,0,15278,89,4,2372241
Maruti,CNG,2,108234,183,5,950230
Audi,Electric,9,58892,279,4,2703474
Toyota,Petrol,9,16650,215,4,378417
Hyundai,Electric,0,17346,211,6,1074503
Mahindra,Electric,13,71496,82,4,1061902
BMW,CNG,15,133455,134,7,1371620
Toyota,Diesel,15,19401,260,4,840642
Toyota,Electric,14,31001,145,5,562670
Maruti,CNG,1,103741,118,4,1741802
BMW,Diesel,13,148085,180,7,1859056
Mercedes,Diesel,12,184548,80,6,1162617
Tata,Diesel,1,37044,157,4,1265329
Kia,Electric,10,197864,89,5,1101802
Mahindra,Petrol,10,190321,231,7,928596
Kia,Petrol,7,126379,208,7,1075067
Mahindra,Electric,7,61236,228,5,672161
Mahindra,CNG,12,81466,197,4,265685
Toyota,CNG,7,104382,86,4,523977
BMW,Petrol,15,128016,82,6,1457069
Kia,Electric,12,75614,149,4,901210
Kia,Electric,3,197396,121,6,1057053
Audi,Electric,1,166209,131,7,2918516
Hyundai,Diesel,0,192818,131,7,974959
Mercedes,CNG,1,74822,156,6,1660864
Toyota,Electric,7,59976,172,6,1951873
Toyota,Electric,5,100926,236,5,2161159
Toyota,Petrol,10,190230,230,7,150000
Tata,CNG,12,105140,198,7,595681
BMW,CNG,13,21775,256,6,2242411
Toyota,Electric,8,36789,116,6,934065
Mercedes,Electric,10,53150,118,7,1701359
Audi,CNG,0,187226,222,5,1867558
Toyota,Petrol,15,141915,257,5,363924
Maruti,CNG,13,131646,148,6,150000
Audi,Petrol,9,38189,239,7,2117275
Toyota,Petrol,14,146587,287,5,444324
Mercedes,CNG,12,61026,190,7,1793714
Mercedes,Petrol,3,131443,163,6,1625445
Hyundai,Diesel,15,112092,264,6,1108311
Honda,Diesel,0,10209,273,7,1103184
Hyundai,CNG,4,7306,158,7,484824
Audi,CNG,8,18022,168,4,1848534
Mahindra,Petrol,12,179745,126,5,655575
Kia,CNG,8,47050,255,7,1283135
Hyundai,CNG,3,64634,153,6,1846637
Audi,Electric,15,51256,192,5,2214667
Audi,Petrol,15,138415,258,6,1056409
Kia,Electric,0,154024,186,7,1970433
Hyundai,Electric,10,182148,141,6,1024592
Kia,CNG,8,40900,229,4,1093797
BMW,Diesel,1,60917,263,5,1712223
Tata,Electric,14,11907,124,5,1716341
Audi,Petrol,7,15953,79,6,2312909
BMW,Petrol,12,178134,231,4,1337598
Audi,Electric,11,7846,205,7,2516326
BMW,Diesel,1,136397,202,7,1512273
BMW,CNG,7,60849,144,7,2085060
Tata,CNG,5,30551,222,4,1835968
Audi,Electric,6,32433,251,4,2232054
Tata,Electric,10,54239,82,7,1230652
Hyundai,CNG,1,32633,136,5,1496661
Toyota,Diesel,14,125789,294,6,150000
Audi,Petrol,12,109693,179,6,1410890
Audi,CNG,12,36927,191,5,2298068
Mercedes,CNG,1,140971,70,7,2042363
Mahindra,Diesel,3,13646,124,4,1039823
Toyota,CNG,0,68928,208,5,2124385
Tata,Electric,2,93346,110,6,2065189
Tata,Petrol,7,51909,250,5,706392
Toyota,Petrol,9,7576,250,4,1798617
BMW,CNG,2,159079,137,6,1213916
Kia,Petrol,1,55204,229,5,571631
Kia,Diesel,13,139971,229,5,280063
Tata,Petrol,3,38549,256,6,1509487
Audi,Petrol,12,199170,231,6,1614047
BMW,Diesel,11,106245,292,7,2069094
Toyota,Diesel,4,73427,85,5,1719089
BMW,Diesel,15,168413,260,6,809736
Mahindra,Petrol,10,72843,125,7,867697
Tata,CNG,8,144468,165,6,835794
Toyota,Electric,15,78948,94,4,1521396
Honda,Electric,6,92730,269,4,1316419
Tata,Electric,9,118679,121,4,465354
Audi,Diesel,0,71185,273,7,1752212
Mercedes,CNG,13,85657,159,5,1698163
Mercedes,CNG,10,58162,73,7,1104760
Mercedes,Electric,7,185504,125,6,2100617
Kia,CNG,4,173516,136,5,191914
Mercedes,Petrol,13,189215,238,4,1966117
Mahindra,Diesel,5,105152,223,4,1492435
Maruti,CNG,4,164378,124,4,909449
Tata,Petrol,5,45948,201,4,1405571
Toyota,Diesel,1,117637,182,4,1327330
Mahindra,Petrol,15,174054,182,7,353571
Hyundai,Petrol,6,166207,275,4,924153
Mahindra,Electric,10,198116,144,5,1319225
Tata,Petrol,8,171921,93,4,261925
Mahindra,Diesel,14,54024,70,7,1405600
Mercedes,CNG,0,117347,157,5,1245675
Toyota,Electric,12,20157,242,5,1174425
Audi,Electric,7,48715,179,5,2054185
Audi,CNG,1,39474,107,5,2132085
Maruti,Diesel,12,66306,206,7,234055
Honda,CNG,0,44017,205,4,857347
Hyundai,Electric,9,153630,140,7,1772258
Hyundai,Petrol,15,46153,275,4,1559960
Honda,CNG,7,137439,150,5,291636
BMW,Petrol,13,182242,71,5,2016884
Mahindra,CNG,9,8858,73,7,245906
Toyota,Diesel,11,150543,162,4,384165
Mercedes,Diesel,12,16466,234,5,1652568
Audi,Diesel,14,186123,124,6,1510209
Tata,Petrol,4,178842,246,5,761742
BMW,Diesel,13,114833,99,7,1880512
Maruti,Diesel,14,135317,259,7,564894
Toyota,Petrol,10,52475,110,4,345362
Audi,Petrol,14,33753,98,6,1192439
Tata,CNG,13,51888,191,7,726441
Audi,CNG,1,103735,223,4,2480132
Hyundai,Electric,13,78650,293,6,1353066
Mahindra,Petrol,12,87323,208,6,1272741
Hyundai,Petrol,5,136152,122,7,1524391
Audi,CNG,15,149856,179,7,2154593
Tata,CNG,6,194602,146,6,150000
Audi,CNG,9,132410,177,7,1553121
Mercedes,Petrol,9,16595,282,6,2161687
Maruti,Diesel,1,91076,137,5,1406912
Maruti,CNG,0,30539,138,5,1271111
Toyota,Petrol,15,136271,123,4,572422
Honda,Electric,15,187116,164,7,420660
Maruti,Diesel,14,98359,89,7,150000
BMW,Electric,13,185706,239,5,1955237
Tata,Petrol,14,27323,240,7,1035449
Tata,Diesel,8,18945,298,5,516982
Honda,CNG,7,18807,173,7,1194585
Mahindra,Electric,9,112171,224,4,629618
Honda,Petrol,7,132422,247,4,1637366
Toyota,Electric,3,32243,278,5,2017169
Tata,CNG,8,173274,215,7,202777
Hyundai,CNG,11,122768,154,7,1012625
Mercedes,CNG,6,97498,289,6,1810464
BMW,CNG,3,150594,235,5,1668415
Maruti,Petrol,8,13333,300,4,1208869
BMW,CNG,6,185962,174,4,2049571
Mahindra,CNG,0,114523,276,7,1310886
Honda,Electric,10,194704,76,4,501634
Hyundai,CNG,8,143277,179,5,883538
Audi,Electric,1,81770,113,7,2121010
Toyota,CNG,1,49989,78,6,964027
Kia,CNG,1,39671,298,6,1644169
Tata,Electric,13,63813,199,7,786035
BMW,CNG,6,170947,286,7,1353734
Mahindra,Electric,3,151043,246,4,1130033
Mercedes,CNG,0,198055,124,5,2423116
Mercedes,CNG,6,36480,197,6,1567115
Toyota,Petrol,9,103276,143,5,324139
Mercedes,Diesel,3,7024,137,6,2394682
Honda,Diesel,9,57848,218,5,1727849
Audi,Diesel,13,68133,236,4,1370432
Mercedes,Diesel,14,180543,87,7,804990
Toyota,Diesel,7,86917,142,5,1106725
BMW,Diesel,13,30202,249,5,1458834
Mahindra,Petrol,5,17602,120,7,528674
Mercedes,CNG,13,40340,247,7,2144390
Mahindra,Petrol,13,60679,235,6,150000
Mahindra,Diesel,11,58439,150,4,1623643
Kia,Diesel,4,37614,200,6,1489016
Tata,CNG,12,113210,191,5,150000
Tata,Diesel,6,197652,164,4,331317
Tata,Electric,15,90302,158,6,1217460
Tata,CNG,9,115794,173,4,637671
Mercedes,CNG,6,62237,179,5,1264192
Mahindra,CNG,0,21384,267,6,1228117
Kia,Electric,11,190025,233,4,565970
Maruti,Diesel,8,132004,93,5,327356
Maruti,Electric,0,83984,278,4,2255834
Hyundai,Electric,11,178666,248,5,968601
Toyota,Electric,5,121247,185,7,963429
Toyota,CNG,1,19992,264,4,1664226
BMW,Petrol,0,72673,252,6,1936523
Honda,CNG,3,32228,238,7,1044116
Mahindra,Diesel,14,23928,81,6,727133
BMW,CNG,4,119195,82,7,2487349
Tata,Petrol,14,192099,221,4,150000
Mercedes,Diesel,6,118540,170,5,1746489
Audi,Electric,1,79333,187,4,2942155
Audi,Petrol,6,189664,164,6,1876501
Mercedes,Diesel,7,179961,187,5,1271534
Mahindra,Electric,5,159372,139,7,1421645
Kia,CNG,13,9229,172,5,1124976
Tata,Petrol,10,174948,91,4,673095
Audi,CNG,14,115671,158,6,1177103
Audi,Petrol,3,33148,281,5,2875711
Maruti,Electric,3,154516,116,6,1878786
Hyundai,Petrol,12,19372,286,6,1803707
Honda,CNG,2,103429,117,6,992819
Hyundai,Electric,2,107118,251,5,1775233
Maruti,Electric,9,157351,141,7,788116
Tata,Electric,7,156698,181,5,1619189
Hyundai,CNG,7,114954,282,4,684960
Tata,CNG,4,42040,193,6,900355
Mercedes,Electric,2,21121,293,7,1991065
BMW,CNG,13,37686,295,7,1634421
Maruti,Petrol,0,15511,298,7,1620791
Tata,CNG,8,173406,207,6,582835
Maruti,Electric,8,139121,256,7,1698111
Hyundai,CNG,9,142679,148,5,504839
Mahindra,Petrol,0,178392,150,7,498714
Mercedes,Electric,12,119410,133,4,2257867
Mahindra,CNG,4,131578,245,6,1337118
Toyota,Petrol,13,92150,121,4,882586
BMW,Electric,11,163272,213,6,1793605
Mercedes,Petrol,7,54464,205,5,2589726
Tata,Petrol,4,198514,250,5,1489395
Hyundai,CNG,5,133310,167,7,1661247
BMW,CNG,13,197793,167,7,1745613
Audi,Petrol,3,138587,224,6,1777790
Tata,Petrol,3,129589,215,4,569311
Mahindra,Diesel,4,12739,162,4,1962334
Audi,Diesel,0,39631,246,7,2031343
Toyota,Petrol,0,124939,102,6,1876806
Toyota,Diesel,14,56825,121,5,1443890
Kia,Electric,5,136153,125,5,694974
Maruti,Petrol,10,95536,161,4,473301
Hyundai,Electric,7,35597,274,4,982164
Hyundai,Diesel,1,8556,74,5,631548
Mercedes,Diesel,8,109189,179,4,2327808
BMW,Electric,10,109074,243,5,1704090
Tata,Electric,3,183797,132,7,1985380
BMW,Petrol,10,67058,124,7,2407501
Hyundai,CNG,12,110341,178,6,902048
Tata,Diesel,10,66144,195,6,844303
Hyundai,CNG,1,156602,202,5,1237801
Toyota,CNG,13,21708,170,6,1243280
Audi,Diesel,1,23986,95,6,1386501
Mercedes,Diesel,2,21397,129,7,2058455
Kia,Diesel,4,161220,94,6,197049
Tata,Electric,11,115645,106,6,601748
Hyundai,Diesel,5,145173,213,5,999291
Maruti,Electric,5,24594,223,7,1361843
Mahindra,CNG,8,139382,268,7,1375431
Audi,CNG,5,181831,102,4,1321263
Honda,Petrol,7,37995,290,5,915889
Honda,Electric,6,14419,194,4,1389867
Tata,CNG,1,177583,202,6,988875
BMW,Diesel,2,46732,84,4,1165000
Audi,CNG,9,150979,265,6,951797
Maruti,Petrol,9,24402,126,7,1016946
Audi,Petrol,4,92015,137,7,1834895
Maruti,Petrol,10,126254,211,7,1300732
Tata,CNG,13,89780,115,4,985815
Honda,Electric,8,117842,87,7,330479
Kia,Petrol,0,176159,92,6,1723324
Toyota,CNG,9,160592,248,7,241244
Toyota,Diesel,7,46343,156,6,1093879
Mercedes,Petrol,9,162022,171,4,823527
BMW,CNG,7,185703,165,6,1921251
Honda,Diesel,15,195338,233,7,1138492
Mahindra,Electric,14,73748,184,6,679891
Kia,Diesel,10,37777,89,6,606407
Hyundai,Diesel,12,111523,131,7,1098197
BMW,Petrol,11,196719,234,7,2317337
Toyota,CNG,3,63284,138,4,455602
Honda,Electric,13,27663,176,6,1594931
Hyundai,Petrol,13,19326,291,7,1168423
Tata,Petrol,0,146396,211,4,841201
Toyota,Electric,4,72471,72,6,1811829
Audi,Diesel,7,184337,240,7,2007971
BMW,Electric,10,179628,231,4,1453555
Kia,Diesel,8,51044,197,6,1131952
Toyota,Petrol,6,100047,183,6,837046
BMW,Petrol,1,146968,281,5,1542993
Mercedes,Petrol,3,20974,187,7,2003466
Mercedes,Diesel,12,80728,278,4,1483043
Kia,Diesel,7,199644,79,7,516931
Kia,CNG,11,107752,239,4,1072334
Audi,Petrol,4,6525,267,7,2827838
Honda,Electric,1,45497,98,6,2161293
Mahindra,Electric,2,8490,145,4,2176322
Toyota,Electric,3,169951,260,5,759068
Mercedes,Diesel,3,104076,220,5,2309500
Hyundai,Diesel,7,116187,290,5,677715
Hyundai,Electric,5,31418,238,4,1488565
Kia,Electric,3,121218,223,6,990149
Tata,Diesel,6,167041,264,6,1443289
Audi,Electric,12,40543,122,7,1485951
BMW,Electric,10,62589,82,7,2469304
Honda,Electric,14,17482,148,7,1056314
Toyota,Electric,12,198498,116,5,1296589
Toyota,Diesel,5,183464,260,6,972236
Audi,CNG,0,33769,284,5,1607581
Mercedes,Electric,6,187077,136,7,2725217
Toyota,Electric,6,32425,256,4,915511
Maruti,Diesel,14,117769,185,7,574814
BMW,Diesel,3,80221,75,6,1650172
Hyundai,Diesel,0,142396,149,5,655861
Maruti,Electric,14,105525,288,6,442774
Audi,Petrol,13,71755,169,4,967457
Maruti,Electric,6,111713,275,6,1126754
Toyota,CNG,10,138670,144,5,991112
Mahindra,Diesel,10,66495,230,7,1088669
Honda,Electric,13,150785,126,6,1058695
Hyundai,Petrol,5,165336,261,4,1630255
Maruti,CNG,5,195406,122,6,593143
Mahindra,Electric,15,137445,110,4,768083
Honda,Electric,0,146727,76,4,2160484
Mahindra,CNG,3,15078,209,5,741397
Toyota,Petrol,4,89917,132,4,377028
Honda,Electric,12,64687,86,5,1197674
Honda,Diesel,9,8454,151,6,975827
Toyota,Petrol,7,32633,260,5,859316
Kia,Diesel,6,151353,129,7,1317927
Honda,Electric,11,81156,202,4,960537
Mahindra,Diesel,14,108819,173,4,1221907
Maruti,Electric,7,20312,293,5,770716
Kia,Electric,12,127566,228,6,1225958
Tata,Petrol,7,193211,201,7,414847
BMW,Electric,3,9060,278,5,2548972
Mercedes,Petrol,3,26597,206,4,1904512
BMW,Electric,15,96453,169,4,1680360
Tata,CNG,7,156935,106,4,1198221
Hyundai,Diesel,9,184538,266,6,1606816
Audi,CNG,8,188301,195,7,1848390
BMW,Petrol,0,196804,83,4,1206122
Audi,Petrol,13,63458,225,7,1798722
Mahindra,CNG,3,163003,179,6,359642
Mercedes,Diesel,0,137995,188,6,2527397
Toyota,CNG,9,91093,105,7,402012
Mahindra,CNG,10,33325,235,7,444759
Mahindra,Electric,9,128643,194,4,1945016
Mahindra,Petrol,0,45467,236,7,1157692
Audi,CNG,3,44002,113,5,1743600
Toyota,Electric,0,104463,227,6,1235482
Toyota,CNG,3,151778,294,5,2000119
Toyota,Electric,0,7009,106,5,1043293
Toyota,CNG,0,43467,139,4,1830115
Honda,CNG,2,183826,90,7,469964
Toyota,Diesel,12,174956,206,6,527722
Mahindra,Petrol,4,173521,223,6,295356
Toyota,Diesel,9,26638,74,4,1167698
Audi,CNG,8,45773,157,4,1765195
Toyota,Electric,15,127675,119,6,1115532
BMW,Electric,9,131173,206,5,1912114
Honda,Petrol,3,128834,168,6,1473892
Mercedes,Diesel,5,194692,150,5,1113575
Toyota,CNG,6,118865,224,6,1648601
Maruti,Diesel,5,193316,85,5,382591
Maruti,CNG,5,84344,140,7,768248
Tata,Petrol,0,78027,168,5,490958
Mercedes,Diesel,3,68651,260,6,1737332
Mercedes,Electric,9,114048,122,5,2552739
Mercedes,CNG,2,93479,162,4,1670459
Hyundai,Electric,6,182631,111,4,485649
Honda,CNG,11,190145,288,6,1618555
Audi,Diesel,5,183035,150,5,1098913
Maruti,Petrol,4,71864,138,5,528786
Tata,Electric,14,178124,279,5,479687
Maruti,CNG,6,141378,132,4,1164872
Mercedes,Electric,9,23804,112,6,2469489
Toyota,CNG,10,30067,74,6,1200584
Toyota,Petrol,12,139882,106,4,1429467
Honda,Diesel,2,101697,88,4,848516
Maruti,Diesel,0,197571,291,5,1305700
Audi,Electric,6,147410,123,6,2619188
BMW,Diesel,2,192676,205,5,1670391
Honda,Petrol,7,137600,273,6,268513
Hyundai,Petrol,8,12900,259,6,1894166
Mahindra,CNG,13,139605,140,4,1110463
Toyota,Electric,8,90392,208,7,1728850
Maruti,Electric,0,98542,85,6,1715801
Maruti,Diesel,11,82984,239,7,937133
Toyota,CNG,13,66873,110,5,529366
Toyota,Petrol,14,35133,281,6,461770
BMW,Petrol,0,154789,88,7,1981637
BMW,CNG,1,187499,193,5,2086569
Kia,Petrol,10,45350,117,6,659613
Hyundai,CNG,6,89081,216,6,1724565
BMW,Petrol,3,37734,254,6,2147260
Mercedes,Diesel,7,149082,170,5,1247378
Hyundai,Diesel,4,179870,275,4,1717182
Kia,Diesel,13,34875,122,7,1185182
Mercedes,Electric,3,115965,110,7,1410067
Honda,CNG,11,156928,232,7,254881
Honda,CNG,4,120706,164,6,1098634
Mercedes,Electric,9,151219,93,7,1166392
Tata,Diesel,10,81321,84,4,989332
Mercedes,Electric,15,193722,300,4,2480296
Mahindra,Electric,2,45337,132,5,2046268
Maruti,CNG,8,133625,116,6,811608
Audi,Diesel,13,11220,215,4,2469503
Tata,CNG,15,149663,154,6,1060734
Honda,Petrol,1,73214,218,6,1325966
Mahindra,Diesel,6,142588,216,4,550157
Audi,Electric,8,197577,157,4,1648552
Honda,Petrol,12,156280,185,4,1160637
Audi,Petrol,9,171540,103,4,1890022
Hyundai,Diesel,0,40123,168,4,1012631
Audi,Petrol,14,74468,124,4,2099279
Maruti,Electric,6,30399,207,6,1315484
Honda,CNG,6,176945,300,4,1698972
Toyota,Petrol,8,40278,164,5,230695
Hyundai,Diesel,1,13525,189,5,1844389
Tata,Petrol,6,58903,115,5,932808
Honda,Electric,4,187425,84,4,880152
Tata,Petrol,5,129541,164,6,922998
Hyundai,Diesel,13,192326,93,4,963715
Toyota,CNG,5,194538,227,7,817072
Maruti,CNG,2,145019,270,4,1404741
Mercedes,Petrol,12,180851,168,4,1611856
Hyundai,CNG,0,131378,170,5,1267108
Mahindra,Electric,3,119651,206,5,658450
Mahindra,Diesel,9,124119,91,6,1233406
Kia,CNG,13,93166,242,4,947829
Toyota,Petrol,8,136381,161,4,1470513
Toyota,Petrol,3,114276,298,7,1669675
Audi,CNG,14,27708,146,4,2352808
Tata,Electric,6,137773,215,5,1901237
BMW,Diesel,15,40462,73,4,1447689
Mahindra,CNG,0,153608,197,6,1497302
Audi,Diesel,7,15662,257,6,2303139
Mahindra,Petrol,3,131375,179,7,1385861
Audi,Diesel,5,115746,182,4,2043775
Audi,Diesel,13,19972,128,6,1919495
Tata,Diesel,15,91053,228,4,830322
Mercedes,CNG,14,23336,294,5,2480091
Maruti,Diesel,0,164118,240,6,1592509
Toyota,Electric,9,128266,246,4,1438851
Tata,Petrol,14,168322,231,5,945917
Toyota,Electric,15,21461,275,5,1264975
BMW,Electric,3,184475,163,7,2236315
Mahindra,Diesel,1,60849,145,6,857358
Toyota,Petrol,13,87098,230,6,1086340
Kia,Petrol,3,24798,266,7,1296784
BMW,CNG,8,76246,253,7,2594710
Honda,Electric,7,29262,271,6,1762752
Toyota,Electric,7,15539,259,7,1547269
Mahindra,Diesel,1,97131,253,4,1063529
Kia,Petrol,7,120014,241,7,501266
Honda,Petrol,13,178757,285,7,1453841
Audi,CNG,12,37619,255,7,1115362
Hyundai,Diesel,13,108628,109,4,150000
Audi,Petrol,11,50726,238,7,1829869
Honda,Electric,11,106545,258,7,1555969
Audi,Petrol,15,47816,276,5,951945
BMW,Petrol,2,175806,72,5,1930623
Mercedes,CNG,10,64466,154,4,1461710
Kia,Petrol,13,150608,125,5,493265
Maruti,CNG,13,132686,201,5,1472841
Maruti,Diesel,12,73968,262,5,1456488
Kia,Diesel,15,100154,95,5,288133
Kia,Electric,5,195162,270,4,691710
Mercedes,Petrol,0,128753,131,6,2417147
Audi,Diesel,8,6650,209,6,2262977
Kia,Petrol,0,16173,208,6,774798
Hyundai,Electric,6,85487,189,6,1742680
Maruti,CNG,9,171527,75,4,1403815
Toyota,CNG,6,183341,247,7,1080108
Toyota,Petrol,2,116922,211,6,620815
Honda,Diesel,12,46148,224,7,173801
Kia,Electric,8,14942,96,4,1333203
Toyota,Petrol,8,132028,115,5,724676
Kia,CNG,8,103954,139,4,1569628
Toyota,Petrol,8,124497,91,5,1394575
Mercedes,CNG,7,46372,293,6,1782573
Mahindra,Electric,13,104236,238,5,742453
Audi,Electric,9,176613,79,5,1286409
Mahindra,Petrol,14,190435,113,6,652607
Kia,CNG,7,192595,242,4,150000
BMW,CNG,4,83223,130,5,1503212
Honda,CNG,13,80248,85,6,607858
Tata,Diesel,12,91072,206,6,1094905
Kia,Electric,13,98438,184,7,1078587
Kia,CNG,15,25559,237,6,798928
Hyundai,Petrol,7,24449,270,6,1975476
Mahindra,Electric,15,178244,259,7,1029939
Honda,Diesel,11,21623,138,4,702398
Mahindra,Diesel,14,198837,131,4,737514
Maruti,Electric,3,50359,290,6,1722585
Honda,Electric,3,146445,204,4,1120235
Hyundai,Diesel,6,88615,286,7,1072648
Honda,CNG,1,150581,248,6,1221425
Mahindra,CNG,4,191283,210,5,393134
Audi,CNG,11,165655,196,4,1856576
Hyundai,Electric,6,183074,82,6,801836
Maruti,Petrol,1,115545,101,7,509276
Mahindra,Petrol,12,127679,282,6,758741
Maruti,Petrol,5,185150,243,5,869877
Mercedes,Petrol,11,191755,202,5,1130777
BMW,Electric,12,98296,158,6,2122365
BMW,CNG,15,111118,117,6,1555234
Hyundai,CNG,0,118591,213,6,1517240
Mercedes,CNG,10,36472,139,7,1528565
